steps,sim_5_7.5,sim_7.5_12
10,0.955126953125,0.90048828125
20,0.97130859375,0.962646484375
30,0.9723046875,0.9673046875
