steps,lpips_5_7.5,lpips_7.5_12
10,0.23470527693629264,0.4058927197754383
20,0.19104460321366787,0.25972584627568723
30,0.1728950784355402,0.2262613919377327
