cfg,lpips_10_20,lpips_20_30
5,0.204651173,0.090755921
7.5,0.288369445,0.129409148
12,0.466632339,0.253317146
